id,created_at,name,population_2024,legal_code,correspondence_code,latitude,longitude
1,2026-06-29 02:03:35.636696+00,Aliwekwek,1745,105522001,15522001,15.9686,120.2458
2,2026-06-29 02:03:35.636696+00,Baay,5324,105522002,15522002,16.0117,120.2334
3,2026-06-29 02:03:35.636696+00,Balangobong,1299,105522003,15522003,15.9902,120.2198
4,2026-06-29 02:03:35.636696+00,Balococ,2233,105522004,15522004,15.9863,120.2492
5,2026-06-29 02:03:35.636696+00,Bantayan,1343,105522006,15522006,15.9996,120.2031
6,2026-06-29 02:03:35.636696+00,Basing,3103,105522007,15522007,15.9984,120.2523
7,2026-06-29 02:03:35.636696+00,Capandanan,2544,105522008,15522008,16.0076,120.1979
8,2026-06-29 02:03:35.636696+00,Domalandan Center,2100,105522009,15522009,16.0156,120.2016
9,2026-06-29 02:03:35.636696+00,Domalandan East,2449,105522010,15522010,16.0123,120.2117
10,2026-06-29 02:03:35.636696+00,Domalandan West,2727,105522011,15522011,16.0201,120.1884
11,2026-06-29 02:03:35.636696+00,Dorongan,1605,105522012,15522012,15.9768,120.2155
12,2026-06-29 02:03:35.636696+00,Dulag,3556,105522013,15522013,15.9881,120.2332
13,2026-06-29 02:03:35.636696+00,Estanza,4675,105522014,15522014,16.0254,120.1702
14,2026-06-29 02:03:35.636696+00,Lasip,4057,105522015,15522015,15.9989,120.2323
15,2026-06-29 02:03:35.636696+00,Libsong East,4050,105522016,15522016,16.0352,120.2411
16,2026-06-29 02:03:35.636696+00,Libsong West,3923,105522017,15522017,16.036,120.2319
17,2026-06-29 02:03:35.636696+00,Malawa,3091,105522018,15522018,15.9796,120.2589
18,2026-06-29 02:03:35.636696+00,Malimpuec,3744,105522019,15522019,16.0347,120.1852
19,2026-06-29 02:03:35.636696+00,Maniboc,4964,105522020,15522020,16.0315,120.2185
20,2026-06-29 02:03:35.636696+00,Matalava,2752,105522021,15522021,15.9905,120.2647
21,2026-06-29 02:03:35.636696+00,Naguelguel,2058,105522022,15522022,15.9664,120.2311
22,2026-06-29 02:03:35.636696+00,Namolan,3456,105522023,15522023,15.9748,120.2435
23,2026-06-29 02:03:35.636696+00,Pangapisan North,2630,105522024,15522024,16.0381,120.2033
24,2026-06-29 02:03:35.636696+00,Pangapisan Sur,2668,105522025,15522025,16.0275,120.2021
25,2026-06-29 02:03:35.636696+00,Poblacion,4117,105522026,15522026,16.0234,120.2314
26,2026-06-29 02:03:35.636696+00,Quibaol,2425,105522027,15522027,15.9711,120.2574
27,2026-06-29 02:03:35.636696+00,Rosario,2752,105522028,15522028,15.9449,120.2671
28,2026-06-29 02:03:35.636696+00,Sabangan,2683,105522029,15522029,16.0406,120.1917
29,2026-06-29 02:03:35.636696+00,Talogtog,1821,105522030,15522030,15.9863,120.1989
30,2026-06-29 02:03:35.636696+00,Tonton,4923,105522031,15522031,16.0263,120.252
31,2026-06-29 02:03:35.636696+00,Tumbar,2906,105522032,15522032,15.9981,120.2434
32,2026-06-29 02:03:35.636696+00,Wawa,4312,105522033,15522033,16.0401,120.2198